Mon Dec 25 16:51:36 +0000 2017,I need food. Who gone let yah boy get a Christmas plate?? ğŸ˜‚ğŸ‘€
Mon Dec 25 16:51:36 +0000 2017,RT @marcazette: Me walking to the kitchen to collect the food I took no part in helping to make https://t.co/z2gbnJgKx0
Mon Dec 25 16:51:36 +0000 2017,ğŸ˜‚ğŸ˜‚ğŸ¤˜ğŸ½ğŸ˜‚ğŸ˜‚ https://t.co/Cxb8SpEzgv
Mon Dec 25 16:51:37 +0000 2017,"RT @notquitefrodo: Merry Christmas to all my millennials, who are currently factoring a $20 check from grandma into their monthly food budgâ€¦"
Mon Dec 25 16:51:37 +0000 2017,"RT @lilmonix3: time for presents: ğŸ†—

time for food: ğŸ‘€ğŸ‘€ğŸ‘€ğŸ‘€ğŸ‘€ğŸ‘€ğŸ‘€ğŸ‘€ğŸ‘€ğŸ‘€ğŸ‘€ğŸ‘€ğŸ‘€ğŸ‘€ğŸ‘€ğŸ‘€ğŸ‘€ğŸ‘€ğŸ‘€ğŸ‘€ğŸ‘€"
Mon Dec 25 16:51:37 +0000 2017,RT @ayosworldd: It hurts to see other people living out your dream https://t.co/0kizLIdoAm
Mon Dec 25 16:51:37 +0000 2017,I Would love to #win a Selection of Food from @OpiesFoods on the @lilyslearners blog! #Giveaway https://t.co/VRMqP3t9Yp
Mon Dec 25 16:51:37 +0000 2017,"RT @GuliveryHQ: Good Food = Good Mood :D
Let us deliver to you this delicious dish from #CafeBarberaHargeisa to your door. Download the Gulâ€¦"
Mon Dec 25 16:51:37 +0000 2017,@JamesBourne @GordonRamsay Youâ€™re brave James! Heâ€™s savage even with good food! All the best
Mon Dec 25 16:51:38 +0000 2017,"RT @Dory: I feel like potatoes don't get enough recognition for their versatility.

Breakfast? Hash browns.

Fast food? Chips.

Fancy dinneâ€¦"
Mon Dec 25 16:51:38 +0000 2017,"Stuffed with food, slightly tipsy, dog walked, now playing Jackbox with the family. Nice."
Mon Dec 25 16:51:38 +0000 2017,"RT @TheTrendingVids: Trying British food ğŸ˜ğŸ˜Š
https://t.co/I9rS0FyeON"
Mon Dec 25 16:51:38 +0000 2017,"This is my family, although our Chinese food is home cooked and our movie might be foreign as hell. (Tend to go... https://t.co/A1y2e7wAq6"
Mon Dec 25 16:51:39 +0000 2017,How I walk into other people's Christmas parties for the food https://t.co/m8ERGJ1zIR
Mon Dec 25 16:51:39 +0000 2017,"Another picture of the Christmas snacks ğŸ„
.
.
.
#Danish #Denmark #Food #FoodPorn #Foodieâ€¦ https://t.co/LZv1Uv6ATQ"
Mon Dec 25 16:51:40 +0000 2017,RT @ayosworldd: It hurts to see other people living out your dream https://t.co/0kizLIdoAm
Mon Dec 25 16:51:40 +0000 2017,Food baby
Mon Dec 25 16:51:40 +0000 2017,RT @Recipe_Health: Please RT!! #recipes #food #cooking #delicious #cook #recipe [Video] -Hot Dog Cups https://t.co/TKsbbV9uS5
Mon Dec 25 16:51:40 +0000 2017,RT @CutzyGaming: Can't understand anyone who takes pictures of food but more so on Christmas day CUS WE ARE ALL HAVING THE SAME THING AND Iâ€¦
Mon Dec 25 16:51:40 +0000 2017,RT @PeterStefanovi2: On Christmas Day 2017 we learn that NHS doctors are to begin prescribing food to patients as part of a drive to tackleâ€¦
Mon Dec 25 16:51:40 +0000 2017,RT @carterreynolds: All I want for Christmas is....... food
Mon Dec 25 16:51:40 +0000 2017,Thank you for the $18 extra dollars ğŸ’µ in my check @SenateGOP @SenateMajLdr @SpeakerRyan now I can @realDonaldTrumpâ€¦ https://t.co/41lsw5ynvs
Mon Dec 25 16:51:40 +0000 2017,"RT @lilmonix3: time for presents: ğŸ†—

time for food: ğŸ‘€ğŸ‘€ğŸ‘€ğŸ‘€ğŸ‘€ğŸ‘€ğŸ‘€ğŸ‘€ğŸ‘€ğŸ‘€ğŸ‘€ğŸ‘€ğŸ‘€ğŸ‘€ğŸ‘€ğŸ‘€ğŸ‘€ğŸ‘€ğŸ‘€ğŸ‘€ğŸ‘€"
Mon Dec 25 16:51:40 +0000 2017,"RT @lilmonix3: time for presents: ğŸ†—

time for food: ğŸ‘€ğŸ‘€ğŸ‘€ğŸ‘€ğŸ‘€ğŸ‘€ğŸ‘€ğŸ‘€ğŸ‘€ğŸ‘€ğŸ‘€ğŸ‘€ğŸ‘€ğŸ‘€ğŸ‘€ğŸ‘€ğŸ‘€ğŸ‘€ğŸ‘€ğŸ‘€ğŸ‘€"
Mon Dec 25 16:51:41 +0000 2017,"@blackmambw Plz , don't cry , although I know it's hard Not to , to see all that testy food and can't eat it .LOLLLLLLLLLL"
