Tue Nov 28 03:38:03 +0000 2017,Pourquoi les riches cachent vraiment leur argent au large des cÃ´tes ? | Actu-Maroc https://t.co/K7l1CNIn48
Tue Nov 28 03:38:04 +0000 2017,"RT @iamvictordias: Concordam com isso ?

"" transar bÃªbado o tesÃ£o multiplica """
Tue Nov 28 03:38:04 +0000 2017,"selamat yah bu, semoga menjadi motivasi kepada tim, karena bebas dari narkoba ... https://t.co/9qG6Uy0dYh"
Tue Nov 28 03:38:06 +0000 2017,RT @carolgibotti: Mexer no cel sem a capinha Ã© um tesÃ£o nÃ©
Tue Nov 28 03:38:09 +0000 2017,aqui ta tudo mole https://t.co/wGim71Hixj
Tue Nov 28 03:38:09 +0000 2017,"RT @RudsonOlive: Transar bÃªbado o tesÃ£o multiplica

transar bÃªbado o tesÃ£o multiplica

transar bÃªbado o tesÃ£o multiplica

transar bÃªâ€¦ "
Tue Nov 28 03:38:40 +0000 2017,"RT @_KIMOB_: Si t'as beaucoup galÃ©rÃ© ou si t'as traversÃ© une pÃ©riode difficile, quand tu rÃ©ussis et surmontes tes problÃ¨mes t'es tellementâ€¦"
Tue Nov 28 03:38:40 +0000 2017,"RT @songsrk: Te chamo de amor
Te chamo de paixÃ£o
Mas me bota no ouro 
Com roupa de marca
Dentro de um carrÃ£o
Vou fazer o que forâ€¦ "
Tue Nov 28 03:38:41 +0000 2017,RT @MilcaCrg: ArrÃªte de faire celle quâ€™on a trahie/trompÃ©e si au fur et Ã  mesure de tes relations tu ne faisais quâ€™empiler mensonges sur meâ€¦
Tue Nov 28 03:38:42 +0000 2017,"RT @AFTERYT: OH LES BIG BOSS , Bougez votre cul , ils ont besoin de vous ! FaÃ®tes quelque chose ! Moi je dit bravo Ã â€¦ "
Tue Nov 28 03:38:48 +0000 2017,Tes
Tue Nov 28 03:38:50 +0000 2017,Aqui no baile a putaria Ã© de verdade os mlk com tesÃ£o e as minas cheias de vontade ğŸ¶ğŸ’ƒğŸ’ƒğŸ’ƒğŸ’ƒ
Tue Nov 28 03:38:50 +0000 2017,Sou mais 1 litrÃ£o https://t.co/lmnmKHR2o8
Tue Nov 28 03:38:59 +0000 2017,RT @Toooto_13: On sait meme pas de quel pied est Mitroglou et vous Ãªtes la Ã  parler de l'album de Booba.. Renvoyez vos prioritÃ©s aussi
Tue Nov 28 03:39:01 +0000 2017,"RT @GeminiAddict: Rasa optimis yang tinggi kadang bikin #Gemini jadi ngegampangin sesuatu, kaya tes misalnya, paling juga lolos, taunya nggâ€¦"
Tue Nov 28 03:39:04 +0000 2017,"Habis tes kesehatan dengan metode rockpod, jeburan jadi segeran.... 

#beahealthyhero #temubloggerdinkessmg
Eaaaaâ€¦ https://t.co/W3AfMwXFji"
Tue Nov 28 03:39:06 +0000 2017,RT @hawaiimohawks: a tove lo Ã© sÃ³ uma ellie goulding com tesÃ£o
Tue Nov 28 03:39:10 +0000 2017,"Vous cherchez un dessert WOW pour vos fÃªtes cette annÃ©e ? Voici ce que l'Ã©quipe de Coquelikot vous propose :
la... https://t.co/FRHd3FFir7"
Tue Nov 28 03:39:12 +0000 2017,RT @osbebado: imagem que dÃ¡ tesÃ£o https://t.co/UxxSuOYVtO
Tue Nov 28 03:39:16 +0000 2017,"Sahabat minfo, siang ini di gedung kantor Bappeda Kota Balikpapan dilaksanakan tes urine dadakan bagi pegawai PNS mâ€¦ https://t.co/BaqeTzQTYI"
Tue Nov 28 03:39:16 +0000 2017,RT @fennecdz4life: Les filles du bled vous Ãªtes pas comme nous  ğŸ˜³ ğŸ‡©ğŸ‡¿ğŸ˜‚ https://t.co/HT1Pf70h2K
Tue Nov 28 03:39:17 +0000 2017,"RT @ASAP_NiKO: Attendez, Miss Univers et il n'y a pas de reprÃ©sentante des autres planÃ¨tes..."
Tue Nov 28 03:39:19 +0000 2017,"RT @citations: Â«Je peux voir ta tristesse mÃªme quand tu souris, quand tu rigoles. Je peux voir dans tes yeux, Ã  l'intÃ©rieur de toi tu veuxâ€¦"
Tue Nov 28 03:39:40 +0000 2017,"RT @RecitouOriente: VocÃª me beija, eu te beijo, entramos em comunhÃ£o... eu seguro seu cabelo, vocÃª me olha com tesÃ£o.."
Tue Nov 28 03:39:41 +0000 2017,"RT @charlo_sama: Vous Ãªtes ridicules Ã  dÃ©nigrer JUL h24, ce mec c'est peut Ãªtre pas le poÃ¨te du siÃ¨cle mais au moins il sort pas unâ€¦ "
Tue Nov 28 03:39:42 +0000 2017,RT @osbebado: imagem que dÃ¡ tesÃ£o https://t.co/UxxSuOYVtO
Tue Nov 28 03:39:43 +0000 2017,Da mesmo e so eu beber isso q eu fico com um fogo do crl.. https://t.co/Gj7AeCV6ki
Tue Nov 28 03:39:45 +0000 2017,"#beahealtyhero #temubloggerdinkessmg 
Cc @hendrarprihadi @dkksemarang https://t.co/eFvxZWmfLo"
Tue Nov 28 03:39:52 +0000 2017,@infosclubparis @LIOMNK Princeton New Jersey... 1er entraÃ®nement du Z... Il fait voler Matuidi... Frotte les cÃ´tesâ€¦ https://t.co/BrXtcj9pat
Tue Nov 28 03:39:57 +0000 2017,RT @ThaMajinBuu: qd ton secondaire te passe salam dans tes mentions https://t.co/EKagRULUQF
Tue Nov 28 03:40:03 +0000 2017,"The Best #Tools To Test Your Website Design Responsiveness https://t.co/I47TZgQqbZ
design-responsiveness/â€¦ https://t.co/dOmnhmtchX"
Tue Nov 28 03:40:03 +0000 2017,"@ConfidentSword exactly. i think w TES &amp; 8 Mile all in one yr &amp; what ppl call his apparent career ""peak"" @ that timâ€¦ https://t.co/WCKVDnUJJS"
Tue Nov 28 03:40:05 +0000 2017,"RT @TPMonInfo: ""Pour faire des enquÃªtes de qualitÃ© il faut avoir des enquÃªteurs de qualitÃ© et il faut des moyens"". Merci Ã  l'ancieâ€¦ "
Tue Nov 28 03:40:06 +0000 2017,"@LateRoundQB @FantasyADHD Yes, the Jets and Cards with contributing TEs seems only appropriate for 2017."
Tue Nov 28 03:40:08 +0000 2017,RT @tes: Assistant headteacher handed lifetime ban for filming up the skirts of pupils with his mobile phone https://t.co/x2KM1B7CSH
Tue Nov 28 03:40:08 +0000 2017,RT @gbleco: transar bÃªbado da 10 vezes mais tesÃ£o
Tue Nov 28 03:40:10 +0000 2017,"Join now: 

https://t.co/NnTLL5mYAy
$OK $ADC $SNRG $PKB $TES $CPC $AEON $BITZ $ETH  10939644789"
Tue Nov 28 03:40:11 +0000 2017,Saya menambahkan video ke playlist @YouTube https://t.co/rvGC7C7LUo Helm Unik Rossi Untuk Tes Pramusim Sepang Motogp 2018 AGV Huichol
Tue Nov 28 03:40:14 +0000 2017,Bonde tesÃ£o Ã© assim
Tue Nov 28 03:40:17 +0000 2017,"La vie passe tellement vite. Si tu ne tâ€™arrÃªtes pas pour regarder autour de toi de temps en temps, tu pourrais la manquer"
Tue Nov 28 03:40:17 +0000 2017,4Ã¨me Â« Tennis Open Â» de Cotonou : Alphonse Gandonou parle des innovations et athlÃ¨tes attendus https://t.co/wEMFYMMPII #Tennis
Tue Nov 28 03:40:18 +0000 2017,RT @ThaMajinBuu: qd ton secondaire te passe salam dans tes mentions https://t.co/EKagRULUQF
Tue Nov 28 03:40:19 +0000 2017,"RT @alexiscorbiere: ""La circulaire du 4 mai 1963 Ã©nonce que ""le drapeau tricolore reste le seul emblÃ¨me qu'il convient d'arborer sur leâ€¦ "
Tue Nov 28 03:40:21 +0000 2017,@anindyabakrie @Pak_JK @wisnuwardhana21 Melaporkan dan meminta dukungan event Indonesia Open Aquatic Championshipâ€¦ https://t.co/UbGU47HUU5
Tue Nov 28 03:40:24 +0000 2017,oui https://t.co/KRWDx4rj2K
Tue Nov 28 03:40:27 +0000 2017,@Mr_Tiigeer Tu tente de communiquer ? Avec tes lettres chelou la
Tue Nov 28 03:40:27 +0000 2017,Helm Unik Rossi Untuk Tes Pramusim Sepang Motogp 2018 AGV Huichol: https://t.co/rvGC7C7LUo melalui @YouTube
Tue Nov 28 03:40:34 +0000 2017,"#NowPlaying ""I JUST FALL IN LOVE AGAIN'"" by Anne Murray /// https://t.co/xtYFXzMHgx"
Tue Nov 28 03:40:37 +0000 2017,RT @osbebado: imagem que dÃ¡ tesÃ£o https://t.co/UxxSuOYVtO
Tue Nov 28 03:40:40 +0000 2017,"RT @futurasciences: Naine rouge situÃ©e Ã  20 annÃ©es-lumiÃ¨re de nous, l' #Ã©toile Gliese 581 possÃ©derait pas moins de 6 #exoplanÃ¨tes. â­â€¦ "
Tue Nov 28 03:40:42 +0000 2017,"RT @LeRolePrincipal: vous aimez trop faire genre vous avez la belle vie ici maf
va travailler ton exposÃ© et demain tu te lÃ¨ves Ã  5h tu lâ€¦ "
Tue Nov 28 03:40:45 +0000 2017,"RT @SeptaAN_: sesok ki nek tuku hp kudune nggo tes IQ, dadine smartphone for smart people. udu smartphone for stupid people"
Tue Nov 28 03:40:49 +0000 2017,RT @AlmanzoQ: Des grosses thÃ©ories tah les illuminatis mdrrr vous Ãªtes tarÃ©s moi je pense que booba il transpire lÃ  c'est tout quelqu'un aâ€¦
Tue Nov 28 03:40:50 +0000 2017,"RT @Kdiatu_: Les filles qui vont prendre l'argent avec 10 gars ,pour les fÃªtes et puis tomber malade du 23 au 31 DÃ©cembre , vousâ€¦ "
Tue Nov 28 03:40:51 +0000 2017,RT @98Antho98: team pack de biÃ¨res https://t.co/XCvcVocy5p
Tue Nov 28 03:40:52 +0000 2017,RT @margauxtbl: tes potes qui coopÃ¨rent avec lâ€™ennemiğŸš®ğŸš®
Tue Nov 28 03:40:53 +0000 2017,"Quase 2h da manhÃ£. Eu deveria estar dormindo, mas tÃ´ aqui pensando ""puta que pariu, que tesÃ£o absurdo eu tenho na stephanie""."
Tue Nov 28 03:40:54 +0000 2017,"RT @luccas___luccas: Essa mistura sÃ³ dÃ¡ mais tesÃ£o...pqp!!!
https://t.co/IUXgoCutaW"
Tue Nov 28 03:40:55 +0000 2017,valentino rossi gunakan helm unik pada tes privat sepang: https://t.co/3wv8t55kf7 melalui @YouTube
Tue Nov 28 03:40:56 +0000 2017,Minha tl resumida em: calor e tesÃ£o
Tue Nov 28 03:40:58 +0000 2017,"RT @Drmartyufml: Depuis des annÃ©es câ€™est toujours la mÃªme technique. 
Des obÃ©isseurs, des structures subventionnÃ©es , qui lancent deâ€¦ "
Tue Nov 28 03:41:02 +0000 2017,RT @gbleco: transar bÃªbado da 10 vezes mais tesÃ£o
Tue Nov 28 03:41:05 +0000 2017,tes pakek perawatan wajah apa? kok mulus gak pernah adaâ€¦ â€” Ga mulus mulus amat kok nonğŸ˜‚pake aja perawatan wajah yâ€¦ https://t.co/gQtEtUqYAo
Tue Nov 28 03:41:05 +0000 2017,"Ã© fÃ¡cil dar a mÃ£o, beijar de olhos fechados, sentir tesÃ£o, difÃ­cil Ã© sentir conexÃ£o, aquela coisa forte que vem do coraÃ§Ã£o.."
Tue Nov 28 03:41:06 +0000 2017,"@598CH TE AMO COMO VOCÃŠ Ã‰ AGORA!!! Uma hora todos vÃ£o perder o tesÃ£o no cafÃ©, Ã© isto."
Tue Nov 28 03:41:08 +0000 2017,"Cette douleur quand ton sang recommence Ã  circuler normalement dans tes oreilles, mains et orteils aprÃ¨s quâ€™ils aient Ã©tÃ© gelÃ©s ğŸ˜­"
Tue Nov 28 03:41:08 +0000 2017,"Vai novinha nÃ£o para , vai novinha nÃ£o para , vem de 4 rebolando que eu jÃ¡ tÃ´ cheio de tesÃ£o"
Tue Nov 28 03:41:08 +0000 2017,"Vou te fuder todinha, meter a piroca com forÃ§a sÃ³ s... â€” Que tesÃ£o Ã© esse ??  https://t.co/2qXfVK5Jqf"
Tue Nov 28 03:41:11 +0000 2017,RT @sophiedurocher: Vous n'Ãªtes pas le seul. https://t.co/20ryEGqT2f
Tue Nov 28 03:41:13 +0000 2017,RT @osbebado: imagem que dÃ¡ tesÃ£o https://t.co/UxxSuOYVtO
Tue Nov 28 03:41:13 +0000 2017,RT @osbebado: imagem que dÃ¡ tesÃ£o https://t.co/UxxSuOYVtO
Tue Nov 28 03:41:13 +0000 2017,Non https://t.co/FRMy2HChxl
Tue Nov 28 03:41:16 +0000 2017,RT @vald_ld: Si vous Ãªtes prÃªt et c est le 2 FEVRIER 2018 https://t.co/XAhIYm51jx
Tue Nov 28 03:41:18 +0000 2017,tes
Tue Nov 28 03:41:19 +0000 2017,Food Poisoning by carmengp - Teaching Resources - Tes https://t.co/VQAKUNiz56
Tue Nov 28 03:41:21 +0000 2017,sem sono&amp;com tesÃ£o
Tue Nov 28 03:41:40 +0000 2017,"RT @EricDickerson: .@NFL rookie TEs last 2 games: 

@RickySealsJones @AZCardinals 
7 REC 126 YDS 3 TD

OJ Howard 
6 REC 104 YDS TD

Daâ€¦ "
Tue Nov 28 03:41:42 +0000 2017,"RT @braanquinho15: Transar bÃªbado o tesÃ£o multiplica

transar bÃªbado o tesÃ£o multiplica

transar bÃªbado o tesÃ£o multiplica

transar bÃªâ€¦ "
Tue Nov 28 03:41:43 +0000 2017,RT @szubisk: sem sono&amp;com tesÃ£o
Tue Nov 28 03:41:45 +0000 2017,"RT @Proposito5h: Incomoda as galera, saber que Lauren desejava a Camila, e Camila desejava Lauren,e que sentiam ciÃºmes, tinham carinâ€¦ "
Tue Nov 28 03:41:46 +0000 2017,RT @mlzxx: Minha tl resumida em: calor e tesÃ£o
Tue Nov 28 03:41:49 +0000 2017,"RT @mvtreinadao: Vai novinha nÃ£o para , vai novinha nÃ£o para , vem de 4 rebolando que eu jÃ¡ tÃ´ cheio de tesÃ£o"
Tue Nov 28 03:41:57 +0000 2017,@ftdrvke @FreshBuzz17 @ouzin_RC3R9 @AniAveti @yaaskde @TheyLoveMelanie @Bebetodeportivo @renaudvessella @bolzoyaâ€¦ https://t.co/QShloqztBC
Tue Nov 28 03:41:59 +0000 2017,RT @szubisk: sem sono&amp;com tesÃ£o
Tue Nov 28 03:41:59 +0000 2017,"RT @isnotputarias: eu tenho tanto
pra te falar
mas com palavras
nÃ£o sei dizer
como eh grande
o meu tesÃ£o 
por voce"
Tue Nov 28 03:42:01 +0000 2017,"Chega finalzin do ano assim nego   tem tesÃ£o pra fazer fofoca com meu nome , errada ainda !!!"
Tue Nov 28 03:42:01 +0000 2017,"RT @Livi__aa: BientÃ´t la pÃ©riode des pÃ¢tÃ©s salÃ©s, du jambon, du foie gras, des bÃ»ches, des pÃ¢tes de fruits, des chocolats, olalaaaaaa â¤ï¸â¤ï¸â¤ï¸"
Tue Nov 28 03:42:03 +0000 2017,RT @szubisk: transar bÃªbado da 10 vezes mais tesÃ£o
Tue Nov 28 03:42:04 +0000 2017,Todo dia esse negÃ³cio de sentir tesÃ£o e a mulher morar lÃ¡ na cs do crlh**** https://t.co/nvJLtcyXi2
Tue Nov 28 03:42:04 +0000 2017,@JEILXGL tes
Tue Nov 28 03:42:06 +0000 2017,RT @AMayshown: Faut arrÃªter sa les renoi foncÃ© sont jolie aussi c'est a cause de se genre de remarque qu'ils s'Ã©claircisse la peauâ€¦ 
Tue Nov 28 03:42:10 +0000 2017,RT @MrGalaxi_: con o sin lentes tes ves igual de bella https://t.co/weAGqfoUaD
Tue Nov 28 03:42:12 +0000 2017,"@LateRoundQB @FantasyADHD Yes, the Jets and Cards with every-week TEs seems only appropriate for 2017."
Tue Nov 28 03:42:13 +0000 2017,"beijo lento dÃ¡ um puta tesÃ£o, com mÃ£o boba entÃ£o https://t.co/HJYtpN5Cuk"
Tue Nov 28 03:42:14 +0000 2017,RT @szubisk: sem sono&amp;com tesÃ£o
Tue Nov 28 03:42:16 +0000 2017,"RT @Scientology: INSPIRATIONAL BIRTHDAY CELEBRATION FÃŠTES PAST, PRESENT AND FUTURE LEGACY OF L. RON HUBBARD, March 13, 2017â€¦ "
Tue Nov 28 03:42:21 +0000 2017,@MelDedigamaOff @30millionsdamis Et les bÃªtes comme toi on les envoie ou ?
Tue Nov 28 03:42:21 +0000 2017,RT @sonserana: eu vivo uma vida dividida entre sentir tesÃ£o em comprar livro e sentir culpa por nao conseguir terminar um livro faz 2 meses
Tue Nov 28 03:42:25 +0000 2017,RT @osbebado: imagem que dÃ¡ tesÃ£o https://t.co/UxxSuOYVtO
Tue Nov 28 03:42:28 +0000 2017,"tesÃ£o Ã© te ver de manhÃ£, e acordar transando ouvindo um djavan"
Tue Nov 28 03:42:32 +0000 2017,RT @szubisk: sem sono&amp;com tesÃ£o
Tue Nov 28 03:42:35 +0000 2017,RT @szubisk: sem sono&amp;com tesÃ£o
Tue Nov 28 03:42:38 +0000 2017,"RT @donakarenbiebs: Chega finalzin do ano assim nego   tem tesÃ£o pra fazer fofoca com meu nome , errada ainda !!!"
Tue Nov 28 03:42:39 +0000 2017,"RT @GagnonFrancois: Vous Ãªtes trÃ¨s nombreux Ã  me contredire, Ã  ma reprendre, Ã  me mettre en doute. Et vous n'Ãªtes pas tous barrÃ©s. La pâ€¦ "
Tue Nov 28 03:42:44 +0000 2017,"RT @JuliaMontouto: tesÃ£o Ã© te ver de manhÃ£, e acordar transando ouvindo um djavan"
Tue Nov 28 03:42:49 +0000 2017,RT @TheckQueiroz: Sou mais 1 litrÃ£o https://t.co/lmnmKHR2o8
Tue Nov 28 03:42:49 +0000 2017,"RT @_jviegas: beijo lento dÃ¡ um puta tesÃ£o, com mÃ£o boba entÃ£o https://t.co/HJYtpN5Cuk"
Tue Nov 28 03:42:51 +0000 2017,RT @szubisk: sem sono&amp;com tesÃ£o
Tue Nov 28 03:42:51 +0000 2017,"RT @JuliaMontouto: tesÃ£o Ã© te ver de manhÃ£, e acordar transando ouvindo um djavan"
Tue Nov 28 03:42:52 +0000 2017,RT @LymphantesAnimi: Vous Ãªtes vraiment obligÃ©s de vous filmer en train de donner des trucs aux sans-abri ? Vous faites Ã§a pour eux ou pourâ€¦
Tue Nov 28 03:42:54 +0000 2017,RT @osbebado: imagem que dÃ¡ tesÃ£o https://t.co/UxxSuOYVtO
Tue Nov 28 03:42:55 +0000 2017,"@HAAROUNNN oui mais c'Ã©tait l'idÃ©e de qui au dÃ©part ? si tu t'arrÃªtes a ca ta rien compris, ecoute a7"
Tue Nov 28 03:42:57 +0000 2017,@LaurelLHolloman Elle sont trÃ¨s belle tes peinture jâ€™aimerais en possÃ©dÃ©e une peut Ãªtre un jour
Tue Nov 28 03:42:57 +0000 2017,RT @szubisk: sem sono&amp;com tesÃ£o
Tue Nov 28 03:42:57 +0000 2017,i saw you reply 'tes' and delete ğŸ‘€
Tue Nov 28 03:42:57 +0000 2017,RT @vald_ld: Si vous Ãªtes prÃªt et c est le 2 FEVRIER 2018 https://t.co/XAhIYm51jx
Tue Nov 28 03:42:58 +0000 2017,"RT @citations: Â«Je continue Ã  penser qu'en matiÃ¨re de sÃ©duction, moins vous en montrez, plus vous Ãªtes sexy...Â» -Alicia Keys"
Tue Nov 28 03:42:59 +0000 2017,"RT @YvanTadet: @Valeurs âœ¡ï¸Tu exagÃ¨re FranÃ§ois, tu vas nous mener en enfer et damnation le peuple catholique du monde entier. ArrÃªtâ€¦ "
Tue Nov 28 03:43:01 +0000 2017,RT @szubisk: sem sono&amp;com tesÃ£o
Tue Nov 28 03:43:04 +0000 2017,"RT @JosiGmss: Fazer sexo com quem a gente ama realmente Ã© tudo, parece que o tesÃ£o multiplica ğŸ˜‚ğŸ˜ğŸ’‘ğŸ’˜"
Tue Nov 28 03:43:04 +0000 2017,RT @szubisk: sem sono&amp;com tesÃ£o
Tue Nov 28 03:43:08 +0000 2017,"RT @G_RY_: @bolzoya @Remus313 Pas raciste non. Vous Ãªtes Charlie un jour, vous Ãªtes Charlie toujours et pas seulement quand Ã§aâ€¦ "
Tue Nov 28 03:43:08 +0000 2017,RT @lohaiduk: @LaurelLHolloman Elle sont trÃ¨s belle tes peinture jâ€™aimerais en possÃ©dÃ©e une peut Ãªtre un jour
Tue Nov 28 03:43:08 +0000 2017,TES 5 Ft. 6/2-8/1 50 Amp 3 Wire Range Cord Kit by TES... https://t.co/vEj0DCm7zT
Tue Nov 28 03:43:12 +0000 2017,"RT @hugoltrr: @KerloJ_29 @ActuFoot_ @LeParisienSport Â«Â  toi Â«Â  et toi comme tu dis, tâ€™es sÃ»rement sur ton canapÃ© avec tes chausseâ€¦ "
Tue Nov 28 03:43:12 +0000 2017,"RT @RaafaelSilva7: Transar bÃªbado o tesÃ£o multiplica

transar bÃªbado o tesÃ£o multiplica

transar bÃªbado o tesÃ£o multiplica

transar bÃªâ€¦ "
Tue Nov 28 03:43:13 +0000 2017,Malaise https://t.co/1TwueweyGc
Tue Nov 28 03:43:14 +0000 2017,sem sono&amp;com tesÃ£o
Tue Nov 28 03:43:14 +0000 2017,"RT @zaksnowmdr: Toute lâ€™annÃ©e Charlie Hebdo se moque des prophÃ¨tes religieux de toute les religions, dâ€™un enfant syrien mort noyÃ© eâ€¦ "
Tue Nov 28 03:43:15 +0000 2017,"#NowPlaying ""Rather Be"" by Jess Glynne ft. Clean Bandit /// https://t.co/xtYFXzMHgx"
Tue Nov 28 03:43:17 +0000 2017,"@tinou1966 personne sâ€™en sort sans rien dans la vie, vous avez Ã©tÃ© irrespectueuse et complÃ¨tement dÃ©placÃ©e. Vous Ãªtâ€¦ https://t.co/orVCSMCo6m"
Tue Nov 28 03:43:18 +0000 2017,RT @vald_ld: Si vous Ãªtes prÃªt et c est le 2 FEVRIER 2018 https://t.co/XAhIYm51jx
Tue Nov 28 03:43:19 +0000 2017,"More Coo 100Â LEDs 10Â M Guirlande Solaire Jardin extÃ©rieur pour fÃªtes, NoÃ«l, Outdoor, lave-vaisselle, etc. https://t.co/D1qYwE4u2w"
Tue Nov 28 03:43:21 +0000 2017,"Projecteur NoÃ«l, IP65 projecteur de lumiÃ¨re LED pour fÃªtes, fÃªtes, intÃ©rieurs et extÃ©rieurs, lumiÃ¨res murales deâ€¦â€¦ https://t.co/i8DYkn95lz"
Tue Nov 28 03:43:21 +0000 2017,"More Coo 100Â LEDs 10Â M Guirlande Solaire Jardin extÃ©rieur pour fÃªtes, NoÃ«l, Outdoor, lave-vaisselle, etc. https://t.co/tTGOOKGhfL"
Tue Nov 28 03:43:22 +0000 2017,RT @fennecdz4life: Les filles du bled vous Ãªtes pas comme nous  ğŸ˜³ ğŸ‡©ğŸ‡¿ğŸ˜‚ https://t.co/HT1Pf70h2K
Tue Nov 28 03:43:22 +0000 2017,Ã‰loigne-toi de tes peurs.
Tue Nov 28 03:44:19 +0000 2017,"RT @milenanr_: Ã© fÃ¡cil dar a mÃ£o, beijar de olhos fechados, sentir tesÃ£o, difÃ­cil Ã© sentir conexÃ£o, aquela coisa forte que vem do coraÃ§Ã£o.."
Tue Nov 28 03:44:20 +0000 2017,O piranha tu tÃ¡ com tesÃ£o??? mata sua vontade com matheus o cachorrÃ£oğŸ¶ #VAILIBERAAFESTA
Tue Nov 28 03:44:23 +0000 2017,RT @bnz_59: mdr sah les rebeu de twitter bientot ils vont nous insulter de mÃ©crÃ©ant pcq on appel nos darons papa https://t.co/qKLtR6ne3O
Tue Nov 28 03:44:23 +0000 2017,"RT @RaafaelSilva7: Transar bÃªbado o tesÃ£o multiplica

transar bÃªbado o tesÃ£o multiplica

transar bÃªbado o tesÃ£o multiplica

transar bÃªâ€¦ "
Tue Nov 28 03:44:24 +0000 2017,"RT @Punchline_Orel: ""Quand y'a plus d'alcool sur le sol que dans les verres, c'est qu'il est l'heure de rentrer
Quand y'a plus d'musiquâ€¦ "
Tue Nov 28 03:44:25 +0000 2017,@MaevaAnissaSHL @Salma95213 toi tu merite de te faire violee en groupe dans une cave parce que tes propos sont ignoâ€¦ https://t.co/QGa3fgDsVN
Tue Nov 28 03:44:25 +0000 2017,RT @szubisk: sem sono&amp;com tesÃ£o
Tue Nov 28 03:44:32 +0000 2017,Uhw kis bie tinny lef Neigt tes Co lue-l-Sophie nett.ãã‚Œã¯å¤œæ˜ã‘è‰²ã®å°‘å¹´ã¨ã€æƒ³ã„ã‚’æ¯å¹ãå°‘å¥³ã®ç‰©èª
Tue Nov 28 03:44:32 +0000 2017,"Alors si vous Ãªtes valides, rÃ©flÃ©chissez y a deux fois avant de penser ou dâ€™exprimer que lâ€™allocation adulte handicâ€¦ https://t.co/KDNoUGU0L2"
Tue Nov 28 03:44:33 +0000 2017,"@MatthewBerryTMR Sure, but no TEs."
Tue Nov 28 03:44:34 +0000 2017,"Bonjour @BRUNODERRIEN comme promis je vous donne mes impression sur votre livre, j'ai commencÃ© les premiers chapitrâ€¦ https://t.co/fU4XVvRf06"
Tue Nov 28 03:44:34 +0000 2017,"Continuez Ã  inventer des vies câ€™est bien, les gens oublient vite que mon tÃ©lÃ©phone est blindÃ© de screen, photos etâ€¦ https://t.co/N1StifCItB"
Tue Nov 28 03:44:34 +0000 2017,"RT @JuliaMontouto: tesÃ£o Ã© te ver de manhÃ£, e acordar transando ouvindo um djavan"
Tue Nov 28 03:44:36 +0000 2017,"RT @_Nudescelebrity: Ajudando o amigo hetero a eliminar o tesÃ£o ğŸŒšğŸ˜ˆ
Siga o Twitter: @CrushsDoDodoh e @_Mundodascelebs https://t.co/OL5X7LmIbH"
Tue Nov 28 03:44:38 +0000 2017,vois qui Ãªtes heureux : crevez.
Tue Nov 28 03:44:39 +0000 2017,RT @osbebado: imagem que dÃ¡ tesÃ£o https://t.co/UxxSuOYVtO
Tue Nov 28 03:44:39 +0000 2017,RT @M_fanny_: @Leoglrd @BertrandTrandbe Mais bz vos mÃ¨res vous Ãªtes pas du tout marrant bande de fils de pute tjrs les vieux blanâ€¦ 
Tue Nov 28 03:44:41 +0000 2017,RT @TheckQueiroz: Sou mais 1 litrÃ£o https://t.co/lmnmKHR2o8
Tue Nov 28 03:44:43 +0000 2017,"@HAAROUNNN bon disons que t'as pas tord sur ce point, mais tu trouve qu'un projet de damso et meilleur que a7? me dit pas que tes fou haroun"
Tue Nov 28 03:44:49 +0000 2017,Pourquoi les riches cachent vraiment leur argent au large des cÃ´tes ? https://t.co/zMNLxK3uPz
Tue Nov 28 03:44:52 +0000 2017,"RT @_jviegas: beijo lento dÃ¡ um puta tesÃ£o, com mÃ£o boba entÃ£o https://t.co/HJYtpN5Cuk"
Tue Nov 28 03:44:53 +0000 2017,"RT @_jviegas: beijo lento dÃ¡ um puta tesÃ£o, com mÃ£o boba entÃ£o https://t.co/HJYtpN5Cuk"
Tue Nov 28 03:44:57 +0000 2017,@swtfe tu sente mais tesÃ£o bÃªbada?
Tue Nov 28 03:44:58 +0000 2017,Jâ€™ai vite compris que bcp de gens qui sont censÃ© Ãªtre tes Â«Â amisÂ Â» prÃ©fÃ¨re te voir dormir plutÃ´t que rÃ©ussir ğŸ¤¦ğŸ¾â€â™€ï¸
Tue Nov 28 03:44:59 +0000 2017,RT @osbebado: imagem que dÃ¡ tesÃ£o https://t.co/UxxSuOYVtO
Tue Nov 28 03:44:59 +0000 2017,"@sallyfauzi @MaraSolehah @ZainKagawa @kuspriyatna @dealee_ Metode rockport kak, typo. Itu tes kebugaran utk menilaiâ€¦ https://t.co/4a3nmK9reE"
Tue Nov 28 03:45:00 +0000 2017,Somos dois jÃ¡ ğŸ”¥ğŸ˜ˆ https://t.co/Kjs6DZ2IUc
Tue Nov 28 03:45:08 +0000 2017,"TES Fest 2018: Call For Presenters! #tesfest
https://t.co/jZLfWxFBkz #bdsm #hotfuninthesummertime"
Tue Nov 28 03:45:10 +0000 2017,Caderno de Testes | 500 Testes de Direito PrevidenciÃ¡rio (Impresso) https://t.co/0DuvZQGIN6 https://t.co/yPr337R6FZ
Tue Nov 28 03:45:25 +0000 2017,ğŸ˜‚ğŸ˜‚ğŸ˜‚ https://t.co/IQrDAfhZhm
Tue Nov 28 03:45:31 +0000 2017,Tesla è¼•é¬†åœ¨æ™‚é™å…§å®Œå…¨ä¸–ç•Œæœ€å¤§å¾Œå‚™é›»æ± çš„å»ºç½® https://t.co/PqVKxxvi9q via @EngadgetChinese
Tue Nov 28 03:45:31 +0000 2017,"RT @_jviegas: beijo lento dÃ¡ um puta tesÃ£o, com mÃ£o boba entÃ£o https://t.co/HJYtpN5Cuk"
Tue Nov 28 03:45:34 +0000 2017,RT @osbebado: imagem que dÃ¡ tesÃ£o https://t.co/UxxSuOYVtO
Tue Nov 28 03:45:35 +0000 2017,"Ã‰ ela pra minha tristeza, minha felicidade, minha carÃªncia, meu tesÃ£o, meu estresse... eu nÃ£o sei viver sem ela!!!â€¦ https://t.co/WP00ZoDebQ"
Tue Nov 28 03:45:37 +0000 2017,RT @IDKheyy_: Jure wallah tâ€™as niquÃ© le dÃ©lire de tes petits frÃ¨res/cousins pour 42 RT dâ€™inconnus ? EspÃ¨ce de trou du cul. https://t.co/n21â€¦
Tue Nov 28 03:45:39 +0000 2017,RT @szubisk: sem sono&amp;com tesÃ£o
Tue Nov 28 03:45:44 +0000 2017,RT @Andres_10800: --- Amor de mi vida buenas noches ya que Ã©l otro no tes las dice.
Tue Nov 28 03:45:48 +0000 2017,Kkkkkkk isso parece tanto com a cara de @2J_Juninho trocando ideia comigo quando agente beber kkkkkkkğŸ˜‚ğŸ˜‚ğŸ˜‚ğŸ˜‚ https://t.co/aBq8oJG33K
Tue Nov 28 03:45:49 +0000 2017,"RT @AudreyDPE: Si je veux un bÃ©bÃ© câ€™est mon droit ğŸ¤¨. 
Vous Ãªtes qui ? La police des ovaires ?"
Tue Nov 28 03:45:51 +0000 2017,"RT @braanquinho15: Transar bÃªbado o tesÃ£o multiplica

transar bÃªbado o tesÃ£o multiplica

transar bÃªbado o tesÃ£o multiplica

transar bÃªâ€¦ "
Tue Nov 28 03:45:52 +0000 2017,RT @szubisk: sem sono&amp;com tesÃ£o
Tue Nov 28 03:45:58 +0000 2017,RT @Yvssef_Lgnd: Quand vs Ãªtes en priÃ¨re et que le pasteur te choisit pour clÃ´turer https://t.co/pBtMZSUdlV
Tue Nov 28 03:46:00 +0000 2017,RT @Jean__Emard: On pourrait pas emprunter aux amÃ©ricains l'enquÃªteur Mueller ? Ã‡a roule en tab.. ses enquÃªtes. En 6 mois il en a faâ€¦ 
Tue Nov 28 03:46:05 +0000 2017,"@cpnskemenkeu Oh ya, minkeu mau tanya kembali, itu peraturan kelolosan kan 40% SKD. SKD yang dimaksud disini itu muâ€¦ https://t.co/GlzWWP0nnf"
Tue Nov 28 03:46:09 +0000 2017,Transar em lugar proibido o tesÃ£o Ã© em dobro ğŸ˜‚
Tue Nov 28 03:46:13 +0000 2017,"RT @PemkotBPN: Sahabat minfo, siang ini di gedung kantor Bappeda Kota Balikpapan dilaksanakan tes urine dadakan bagi pegawai PNS mâ€¦ "
Tue Nov 28 03:46:15 +0000 2017,"RT @atterres: Comme les fÃªtes approchent, nous vous rappelons que le site @placedlibraires permet de savoir quelles librairies poâ€¦ "
Tue Nov 28 03:46:15 +0000 2017,"RT @Alextrxm: quand t'essayes de dormir 8h par jour, d'aller en cours, de rÃ©viser, de manger sainement, de faire du sport, de suiâ€¦ "
Tue Nov 28 03:46:21 +0000 2017,@CompaPasele Yo a tochos la neta estÃ¡n bueno tes
Tue Nov 28 03:46:23 +0000 2017,RT @ilovesaf4deza: ainda Ã© terÃ§a e eu to com um tesÃ£o que nÃ£o acaba nunca
Tue Nov 28 03:46:25 +0000 2017,"RT @AmineMaTue: Les arabes ici c'est incroyable mdr meme quand ils rigolent Ã  tes blagues ils sont agressifs ""woah tu m'as tuÃ© fils de puteâ€¦"
Tue Nov 28 03:46:28 +0000 2017,RT @khalheda: vs Ãªtes cheper mdr vs croyez un rappeur avc autant dâ€™influence il change ses dates de sortie cm Ã§a qd il veut avc 1â€¦ 
Tue Nov 28 03:46:29 +0000 2017,"RT @prunerop2: @mikapilater Câ€™est surtout que devant la dÃ©bandade des dÃ©putÃ©s qui ont lÃ¢chÃ© Fillon, Nous ,Ã©lecteurs de droite avonâ€¦ "
Tue Nov 28 03:46:34 +0000 2017,"Luciano:"" o amor nÃ£o existe""
Eu: ""mas e aquela sensaÃ§Ã£o boa,o coraÃ§Ã£o acelerado,aquelas coisas de apaixonado sÃ£o o quÃª?""
Luciano:"" Ã© tesÃ£o"""
Tue Nov 28 03:46:36 +0000 2017,@CoquineduSud hummm avec les lunette  Ã§a fais trÃ¨s femme Ã  queue hummm ce branler sur tes seins pour tous gicler dessus le rÃªve ğŸ˜‰ğŸ˜‰
Tue Nov 28 03:46:37 +0000 2017,RT @Aziadonis: Putain mais les filles entre vous vous Ãªtes vraiment des pestes et des fauculs câ€™est incroyable Ã§a
Tue Nov 28 03:46:37 +0000 2017,RT @szubisk: sem sono&amp;com tesÃ£o
Tue Nov 28 03:46:38 +0000 2017,RT @SombreAffaire: Mais on t'a mis un coup de sabre entre les fesses comment c'est possible que ton jeans sois si enfoncÃ© dans tes fesâ€¦ 
Tue Nov 28 03:46:40 +0000 2017,Jâ€™essaye dâ€™Ãªtre lâ€™Ãªtre au max mais lâ€™instant câ€™est moyen https://t.co/w0iegH2oS6
Tue Nov 28 03:46:41 +0000 2017,"fica aparecendo vÃ­deo de putaria aqui,porra jÃ¡ to cheia de tesÃ£o,tÃ´ ficando cm Ã³dio na Ppk"
Tue Nov 28 03:46:44 +0000 2017,@PisteurDeTchoin tu cherches quoi en fait ? tu crois que rÃ©pÃ©ter le mÃªme discours que tes potes vas me faire me remâ€¦ https://t.co/AeJctJaPN3
Tue Nov 28 03:46:45 +0000 2017,Que vont t'offrir tes amis aux 12 jours de NoÃ«l ? https://t.co/3crXeTRnYY
Tue Nov 28 03:46:49 +0000 2017,RT @Nvlito: Vous Ãªtes chaud sur lui dans les commentaires il a pas dâ€™eau chaude qui sort dâ€™un robinet contrairement Ã  vous et pâ€¦ 
Tue Nov 28 03:46:50 +0000 2017,RT @osbebado: imagem que dÃ¡ tesÃ£o https://t.co/UxxSuOYVtO
Tue Nov 28 03:46:55 +0000 2017,RT @osbebado: imagem que dÃ¡ tesÃ£o https://t.co/UxxSuOYVtO
Tue Nov 28 03:46:57 +0000 2017,@swtfe sÃ³ histÃ³ria isso daÃ­ de q dÃ¡ mais tesÃ£o kkkkk
Tue Nov 28 03:46:57 +0000 2017,"@laurentbouvet Câ€™est parfaitement votre droit de dÃ©fendre une conception extensive de la laÃ¯citÃ©, vous nâ€™Ãªtes pas oâ€¦ https://t.co/kzEBhOQDKm"
Tue Nov 28 03:47:00 +0000 2017,tes pakek perawatan wajah apa? kok mulus gak pernah ada jerawat â€” Mata lu tu yg hrs dites https://t.co/RA01e48i1E
Tue Nov 28 03:47:00 +0000 2017,"RT @zaksnowmdr: Toute lâ€™annÃ©e Charlie Hebdo se moque des prophÃ¨tes religieux de toute les religions, dâ€™un enfant syrien mort noyÃ© eâ€¦ "
Tue Nov 28 03:47:02 +0000 2017,"@cpnskemenkeu #cpnskemenkeu Oh ya, minkeu mau tanya kembali, itu peraturan kelolosan kan 40% SKD. SKD yang dimaksudâ€¦ https://t.co/dr9KrcdPmn"
Tue Nov 28 03:47:06 +0000 2017,RT @AberlinJacklyne: @mikapilater Vous avez lâ€™art d tout inverser!Car cette situation dÃ©roule directement du comportement infÃ¢me d ceuxâ€¦ 
Tue Nov 28 03:47:11 +0000 2017,Boy comprometido te da mais tesÃ£o? â€” Eles que tem tesÃ£o em trair a namorada kkkk https://t.co/uVS7Iz7DUf
Tue Nov 28 03:47:13 +0000 2017,"RT @mair0: Eu adorava, hoje nÃ£o suporto sentir nem o cheiro. Ecaa ğŸ˜· https://t.co/XoJW4PECsS"
Tue Nov 28 03:47:14 +0000 2017,"#NowPlaying ""DULCE"" by Leslie Grace ft Wisin /// https://t.co/xtYFXzMHgx"
Tue Nov 28 03:47:14 +0000 2017,RT @Ed_Dorrell: Spielman: â€˜Culture of fearâ€™ has developed around Ofsted ratings https://t.co/4hb3XWaH02 via @tes
Tue Nov 28 03:47:15 +0000 2017,"RT @braanquinho15: Transar bÃªbado o tesÃ£o multiplica

transar bÃªbado o tesÃ£o multiplica

transar bÃªbado o tesÃ£o multiplica

transar bÃªâ€¦ "
Tue Nov 28 03:47:15 +0000 2017,RT @osbebado: imagem que dÃ¡ tesÃ£o https://t.co/UxxSuOYVtO
Tue Nov 28 03:47:16 +0000 2017,RT @szubisk: sem sono&amp;com tesÃ£o
Tue Nov 28 03:47:16 +0000 2017,".RT du dÃ©putÃ© Pierre-Henri Dumont
 https://t.co/jyeeOQTYCZ"
Tue Nov 28 03:47:17 +0000 2017,"RT @PHRASES2NEKFEU: Â«Â En face de moi, y'a des types fons-dÃ© en bas du bloc
Mais je pense Ã  tes p'tites fossettes en bas du dosÂ Â»"
Tue Nov 28 03:47:18 +0000 2017,"RT @erinajulia: @sallyfauzi @MaraSolehah @ZainKagawa @kuspriyatna @dealee_ Metode rockport kak, typo. Itu tes kebugaran utk menilaiâ€¦ "
Tue Nov 28 03:47:20 +0000 2017,RT @GifsSafadosOfc: Reciprocidade Ã© o melhor tesÃ£o da vida
Tue Nov 28 03:47:20 +0000 2017,"RT @sweetnshour: Enfin bref tout Ã§a pour dire que je dÃ©teste l'image que certains ont donnÃ© aux arabes genre irrespectueux, autoritaâ€¦ "
