Wed Dec 27 20:27:20 +0000 2017,Ew https://t.co/UYNVDNr6Dh
Wed Dec 27 20:27:20 +0000 2017,"RT @sangdosangdid: y'all don't even understand, ive been riding with our boys for THREE WHOLE YEARS and they ain't ever had justice. y'allâ€¦"
Wed Dec 27 20:27:21 +0000 2017,RT @GPinkSnapback: everyone in my timeline is fighting about tea but ladies itâ€™s almost 2018 we are all drinking water now
Wed Dec 27 20:27:22 +0000 2017,"RT @loveedolann: 1. Tea bag in mugâ˜•ï¸
2. Add hot waterğŸ’§
3. StirğŸ¥„
4. Remove tea bagâ˜•ï¸
5. Add milkğŸ¥›
6. Add sugarğŸ¬
7. StirğŸ¥„
8. Drinkâ˜•ï¸
NOW THATâ€¦"
Wed Dec 27 20:27:22 +0000 2017,Could go for some bubble tea right now ğŸ˜ğŸ˜ğŸ˜ğŸ˜
Wed Dec 27 20:27:24 +0000 2017,RT @1ofjoons: TEA https://t.co/2yVRcrWMbU
Wed Dec 27 20:27:25 +0000 2017,RT @MADBLACKTHOT: Do yâ€™all ever get like random urges to do some crazy shit... like I was cutting the turkey today and my brain was randomlâ€¦
Wed Dec 27 20:27:24 +0000 2017,Festive napkin folding - Xmas tree and an elf's shoe - and a very fancy timer to guarantee optimum brewing! Lovelyâ€¦ https://t.co/d1JLkU3YaR
Wed Dec 27 20:27:25 +0000 2017,RT @GoneGirlDev: Lol go to a psychiatrist ma https://t.co/MagiNYnISj
Wed Dec 27 20:27:25 +0000 2017,This guy came to me while I'm sitting at a christian tea shop tf https://t.co/5eNiNAlhbi
Wed Dec 27 20:27:26 +0000 2017,RT @UberFacts: Arizona Iced Tea has cost 99 cents a can since 1992.
Wed Dec 27 20:27:26 +0000 2017,DIY Green Tea Sugar Scrub - Exfoliate your skin revealing a soft glow with this incredible homemade green tea scrubâ€¦ https://t.co/9ntjOVeOTf
Wed Dec 27 20:27:26 +0000 2017,Can some please bring me another cup??? My cups has done overflowedğŸ˜‚ğŸ˜‚ğŸ’šğŸ’™ğŸ˜âœŒï¸ https://t.co/S0xSUEVkII
Wed Dec 27 20:27:26 +0000 2017,RT @KardashianHumor: How I approach my friends when they don't spill the tea: https://t.co/2POMIivVq0
Wed Dec 27 20:27:27 +0000 2017,"@Euphoria9ja @Gbemisoke Lol it didn't come from a bad place, he made tea ğŸ˜Š He's just a more practical person - feelâ€¦ https://t.co/qCcfOAnzBI"
Wed Dec 27 20:27:28 +0000 2017,"#Vintage #NormanRockwell #FirstDayOfSchoolCoffeeMug 
https://t.co/bUOfbWVsVr"
Wed Dec 27 20:27:28 +0000 2017,"RT @nytimesbooks: In the aftermath of the devastating tsunami of 2011, Japanese survivors began to see ghosts: one old lady dropped in forâ€¦"
Wed Dec 27 20:27:28 +0000 2017,RT @UberFacts: Arizona Iced Tea has cost 99 cents a can since 1992.
Wed Dec 27 20:27:29 +0000 2017,RT @yugiohtas: Okay I might have to take back every bad thing I said about YGO Season 4 because Tea has the best line in the damn series. hâ€¦
Wed Dec 27 20:27:29 +0000 2017,"#ad Lotte Choco Pie Original/Banana/Green Tea Matcha, 12ct Per Box https://t.co/wSl2rusiOA"
Wed Dec 27 20:27:30 +0000 2017,"RT @prisonculture: If you can afford it, buy some extra pairs of socks and some hand/feet warmers from your local drug stores &amp; carry themâ€¦"
Wed Dec 27 20:27:30 +0000 2017,@trishapaytas Look. I don't want you to hide away. The problem is that you can't shit talk someone and not expect bâ€¦ https://t.co/q4tVDSFQYs
Wed Dec 27 20:27:30 +0000 2017,RT @caveofbeauty: @KrazyEssentials All Kenyans (the ones i know at least) drink is milk tea lmaooo. Itâ€™s pretty good.
Wed Dec 27 20:27:30 +0000 2017,RT @MADBLACKTHOT: Do yâ€™all ever get like random urges to do some crazy shit... like I was cutting the turkey today and my brain was randomlâ€¦
Wed Dec 27 20:27:30 +0000 2017,"RT @4OTDOLANS: i hate tea, coffee is better"
Wed Dec 27 20:27:31 +0000 2017,RT @yugiohtas: Okay I might have to take back every bad thing I said about YGO Season 4 because Tea has the best line in the damn series. hâ€¦
Wed Dec 27 20:27:31 +0000 2017,@rachael_crofts Were the onboard team unable to offer Tea &amp; Coffee ^MM
Wed Dec 27 20:27:31 +0000 2017,@femifactor Tea n bread.....
Wed Dec 27 20:27:31 +0000 2017,My dream is to be a part of a Hollywood Reporter Roundtable but just because of the free tea
Wed Dec 27 20:27:32 +0000 2017,"RT @6Freeze: Shop with #FactualNatural ğŸ¥¥ğŸ¯ğŸ‡¬ğŸ‡­ğŸƒ Raw Black Soap, Ivory Shea Butter, Black Jamaican Castor oil (and eyelash treatment), Tea Treeâ€¦"
Wed Dec 27 20:27:33 +0000 2017,"RT @NoInvisibles: Federico, 8 aÃ±os, nos explica desde Colombia
que es el #Asperger ğŸ‘ğŸ»ğŸ‘ğŸ» #TEA
""Lo que yo tengo no es una enfermedad
No soy uâ€¦"
Wed Dec 27 20:27:35 +0000 2017,RT @imxchey: so whatâ€™s todayâ€™s tea? ğŸ¤” https://t.co/hCoRWBz31l
Wed Dec 27 20:27:35 +0000 2017,"@pimpmytweeting and the EU are a bunch of ""tea leaves"""
Wed Dec 27 20:27:36 +0000 2017,RT @ItsBreyBabiee: The type of consistency I need in my life https://t.co/g2zlIv5XFi
Wed Dec 27 20:27:36 +0000 2017,RT @MochiManggae: Genre or not BTS are too big for kpop and that's the tea AYO ZINGER https://t.co/UPQxYdO4j2
Wed Dec 27 20:27:36 +0000 2017,RT @ItsBreyBabiee: The type of consistency I need in my life https://t.co/g2zlIv5XFi
Wed Dec 27 20:27:37 +0000 2017,"Remember when TimothÃ©e said in that interview to everyone call him Sweet Tea and Armie said ""done"", HE WASN'T KIDDIâ€¦ https://t.co/2rTu0GHLqR"
Wed Dec 27 20:27:38 +0000 2017,@trishapaytas @ptxamanda13 @Avi_Kaplan YASSSS HUNTY DRAGGGG HIM WE ARE READY FOR THE TEA
Wed Dec 27 20:27:39 +0000 2017,"RT @nytimesbooks: In the aftermath of the devastating tsunami of 2011, Japanese survivors began to see ghosts: one old lady dropped in forâ€¦"
Wed Dec 27 20:27:39 +0000 2017,With a move to Wales on the horizon I stocked up on 'essentials' from @Fortnums today.  Earl Grey tea.  Marc de Chaâ€¦ https://t.co/ZkdXF2iRS0
Wed Dec 27 20:27:39 +0000 2017,"RT @bberna31: Enjoy a shot of aloe, a tea, and nutritious shake. Location: 135 W. Pulaski St. Grand opening Wednesday, December 27 from 11aâ€¦"
Wed Dec 27 20:27:39 +0000 2017,"RT @girlsgenratlon: the fact that the Korean version of ""TEA!!!"" was ""SPRITE!!!"" but now karmys use ""TEA!!!"" and iarmys use ""SPRITE!!!"" thiâ€¦"
Wed Dec 27 20:27:40 +0000 2017,"RT @girlsgenratlon: the fact that the Korean version of ""TEA!!!"" was ""SPRITE!!!"" but now karmys use ""TEA!!!"" and iarmys use ""SPRITE!!!"" thiâ€¦"
Wed Dec 27 20:27:40 +0000 2017,"RT @girlsgenratlon: the fact that the Korean version of ""TEA!!!"" was ""SPRITE!!!"" but now karmys use ""TEA!!!"" and iarmys use ""SPRITE!!!"" thiâ€¦"
Wed Dec 27 20:27:40 +0000 2017,"ã‚¤ãƒ³ãƒ‰ç´…èŒ¶ç”£åœ°ã®ã”ç´¹ä»‹ã§ã™ï¼ç¶ºéº—ãªèŒ¶åœ’å†™çœŸä»˜ãã§æ¥½ã—ãã”è¦§é ‚ã‘ã¾ã™â‡¨https://t.co/KHzx10Aa2f â€¦
#ç´…èŒ¶ #tea #é£²ã¿ç‰© #Twitterå®¶åº­æ–™ç†éƒ¨ #ç™ºé…µ #é£Ÿå“ #å¥åº· #ã‚¯ãƒƒã‚­ãƒ³ã‚° #é£²é£Ÿåº— #ãƒ›ãƒ†ãƒ«
https://t.co/66lqaSN3lw"
Wed Dec 27 20:27:41 +0000 2017,RT @KardashianHumor: How I approach my friends when they don't spill the tea: https://t.co/2POMIivVq0
Wed Dec 27 20:27:41 +0000 2017,"RT @sapiopaz: Drink this tea, DRINK IT https://t.co/6KpF420ivq"
Wed Dec 27 20:27:42 +0000 2017,"RT @prisonculture: If you can afford it, buy some extra pairs of socks and some hand/feet warmers from your local drug stores &amp; carry themâ€¦"
Wed Dec 27 20:27:42 +0000 2017,ofc itâ€™s @dodiesdimples https://t.co/3W5RaH2jcG
Wed Dec 27 20:27:42 +0000 2017,"RT @girlsgenratlon: the fact that the Korean version of ""TEA!!!"" was ""SPRITE!!!"" but now karmys use ""TEA!!!"" and iarmys use ""SPRITE!!!"" thiâ€¦"
Wed Dec 27 20:27:43 +0000 2017,"Happy Wednesday! Todayâ€™s special flavors are Mango, Green Tea, and Almond Chocolate Chip! See you soon! #CheesecakeDreamations"
Wed Dec 27 20:27:43 +0000 2017,"RT @Lamb123V: Goodnight dear friends &amp; thanks for the likes &amp; RTs
We've had a lovely peaceful Boxing Day.
For me it's not about trudging thâ€¦"
Wed Dec 27 20:27:44 +0000 2017,RT @yugiohtas: Okay I might have to take back every bad thing I said about YGO Season 4 because Tea has the best line in the damn series. hâ€¦
Wed Dec 27 20:27:45 +0000 2017,RT @ItsBreyBabiee: The type of consistency I need in my life https://t.co/g2zlIv5XFi
Wed Dec 27 20:27:46 +0000 2017,I'm at The Coffee Bean &amp; Tea Leaf (salam Hospital) https://t.co/vbHFPiatX9
Wed Dec 27 20:27:47 +0000 2017,@yammy_xox Whatâ€™s the tea
Wed Dec 27 20:27:47 +0000 2017,"1. never drink water!! water is good for you and helps your skin and hydrates you, but clearly I didn't drink enougâ€¦ https://t.co/rhmB71iL7n"
Wed Dec 27 20:27:47 +0000 2017,"RT @jaebambum: Yugyeom's go to order in Gong Cha: Strawberry Earl Grey or Taro Tea
cr. ë‹¹ for ê·¼ë‹˜ https://t.co/UEhKmbI5qx"
Wed Dec 27 20:27:48 +0000 2017,"RT @loveedolann: 1. Tea bag in mugâ˜•ï¸
2. Add hot waterğŸ’§
3. StirğŸ¥„
4. Remove tea bagâ˜•ï¸
5. Add milkğŸ¥›
6. Add sugarğŸ¬
7. StirğŸ¥„
8. Drinkâ˜•ï¸
NOW THATâ€¦"
Wed Dec 27 20:27:48 +0000 2017,"RT @itschilldolan: ""you do put milk in tea"" i say into the mic.

the crowd boos. i begin to walk off in shame, when a voice speaks and commâ€¦"
Wed Dec 27 20:27:48 +0000 2017,@sweetcheflisa You remind me that my tea supply is dwindling dangerously low
Wed Dec 27 20:27:49 +0000 2017,RT @ItsBreyBabiee: The type of consistency I need in my life https://t.co/g2zlIv5XFi
Wed Dec 27 20:27:49 +0000 2017,And that is the tea https://t.co/3aMkvjslSx
Wed Dec 27 20:27:51 +0000 2017,RT @MADBLACKTHOT: Do yâ€™all ever get like random urges to do some crazy shit... like I was cutting the turkey today and my brain was randomlâ€¦
Wed Dec 27 20:27:52 +0000 2017,"RT @Norlaine: @HaikuVikingGal @AndrewScheer @CPC_HQ The problem with the ""conservative parties"" in Canada is they ceased to be what they usâ€¦"
Wed Dec 27 20:27:53 +0000 2017,"RT @prisonculture: If you can afford it, buy some extra pairs of socks and some hand/feet warmers from your local drug stores &amp; carry themâ€¦"
Wed Dec 27 20:27:54 +0000 2017,Drinking green tea in a cup and saucer before bed time. Practicing proper etiquette. ğŸ˜
Wed Dec 27 20:27:53 +0000 2017,RT @StripperPoIe: When you tell your mans all the tea cause he your best friend too https://t.co/OjOQiyKMGd
Wed Dec 27 20:27:54 +0000 2017,"RT @NoInvisibles: Federico, 8 aÃ±os, nos explica desde Colombia
que es el #Asperger ğŸ‘ğŸ»ğŸ‘ğŸ» #TEA
""Lo que yo tengo no es una enfermedad
No soy uâ€¦"
Wed Dec 27 20:27:54 +0000 2017,RT @MochiManggae: Genre or not BTS are too big for kpop and that's the tea AYO ZINGER https://t.co/UPQxYdO4j2
Wed Dec 27 20:27:54 +0000 2017,RT @kpcollections: Just our cup of tea. ğŸµ Make it a double in The Pinz: https://t.co/l5OAlnXCoJ https://t.co/QyuUcFyMqV
Wed Dec 27 20:27:56 +0000 2017,"RT @6Freeze: Shop with #FactualNatural ğŸ¥¥ğŸ¯ğŸ‡¬ğŸ‡­ğŸƒ Raw Black Soap, Ivory Shea Butter, Black Jamaican Castor oil (and eyelash treatment), Tea Treeâ€¦"
Wed Dec 27 20:27:56 +0000 2017,@terencelovedyou omg tea it was lowkey mediocre
Wed Dec 27 20:27:57 +0000 2017,@michelledeidre I had ice tea today!
Wed Dec 27 20:27:57 +0000 2017,RT @lwtyleshome: This tea... https://t.co/MUFrXSaRyy
Wed Dec 27 20:27:57 +0000 2017,RT @KardashianHumor: How I approach my friends when they don't spill the tea: https://t.co/2POMIivVq0
Wed Dec 27 20:27:57 +0000 2017,@shadihamid Too much sugar can lead to diabetes. That could be overdose. Otherwise one can't have enough of tea.
Wed Dec 27 20:27:58 +0000 2017,RT @MarcosZamora78: Una oportunidad para conocer el estado de la investigaciÃ³n en EspaÃ±a y crear redes entre los diferentes grupos de invesâ€¦
Wed Dec 27 20:28:00 +0000 2017,RT @MADBLACKTHOT: Do yâ€™all ever get like random urges to do some crazy shit... like I was cutting the turkey today and my brain was randomlâ€¦
Wed Dec 27 20:28:00 +0000 2017,@flowersxdolan i- where do you live in coming to make you some tea rn
Wed Dec 27 20:28:03 +0000 2017,RT @1ofjoons: TEA https://t.co/2yVRcrWMbU
Wed Dec 27 20:28:04 +0000 2017,RT @snatchedgrethan: Why is my whole timeline filled with â€œhow to make teaâ€ and â€œdo you put milk in your teaâ€ videos??ğŸ˜‚
Wed Dec 27 20:28:04 +0000 2017,RT @thewitchbrmclst: New Item Freya Loaded Spell Tea Lights #TWDA #witch #goddess https://t.co/CakhKcBQyg https://t.co/IPU86n3MAg
Wed Dec 27 20:28:04 +0000 2017,"RT @HUNTYCHANNEL: ""Britney Spears can sing a lot better than most of the hoes yâ€™all worship"" I say into the mic.

The crowd boos. I begin tâ€¦"
Wed Dec 27 20:28:05 +0000 2017,The most clutch thing in the hood since 92 https://t.co/qc6WPGh6tB
Wed Dec 27 20:28:05 +0000 2017,"RT @GinforInk: This is called L'appel du vide, or ""the call of the void."" It's thought to be the brain's misinterpretation of survival signâ€¦"
Wed Dec 27 20:28:07 +0000 2017,RT @LarryingLarry: You know what tea do I like? The one where Steve Aoki follows 4/4 on Instagram but likes only Louisâ€™ and Harryâ€™s posts.â€¦
Wed Dec 27 20:28:07 +0000 2017,"@paigeyb88 I like Green tea, with honey, lemon, and turmeric apparently... it'll turn it bright orange and taste aâ€¦ https://t.co/esyvojrO2r"
Wed Dec 27 20:28:09 +0000 2017,RT @MADBLACKTHOT: Do yâ€™all ever get like random urges to do some crazy shit... like I was cutting the turkey today and my brain was randomlâ€¦
Wed Dec 27 20:28:09 +0000 2017,Turkey for tea..........again https://t.co/Gnl9SW9jis
Wed Dec 27 20:28:09 +0000 2017,i like tea as in goSSIPS spill the tea
Wed Dec 27 20:28:09 +0000 2017,RT @_primetime1: Yall be having more tea than money. Mind ya business
Wed Dec 27 20:28:10 +0000 2017,"RT @Asante_kotoko: @JoyAnnReid Just because you've finally managed to brew a storm in a tea cup,don't mean your enemy's house will be blownâ€¦"
Wed Dec 27 20:28:11 +0000 2017,Iâ€™m sure im the only person who drinks unsweetened iced tea ğŸ˜‚
Wed Dec 27 20:28:11 +0000 2017,RT @ItsBreyBabiee: The type of consistency I need in my life https://t.co/g2zlIv5XFi
Wed Dec 27 20:28:12 +0000 2017,self care is drinking hot tea and watching a show on netflix while laying in ur room isolating urself from ur familâ€¦ https://t.co/bxKKA7D8ns
Wed Dec 27 20:28:12 +0000 2017,RT @yugiohtas: Okay I might have to take back every bad thing I said about YGO Season 4 because Tea has the best line in the damn series. hâ€¦
Wed Dec 27 20:28:12 +0000 2017,or i just didnâ€™t like the movie?? not my cup of tea??? idfk ??? https://t.co/htlpfn5ZZJ
Wed Dec 27 20:28:13 +0000 2017,RT @MADBLACKTHOT: Do yâ€™all ever get like random urges to do some crazy shit... like I was cutting the turkey today and my brain was randomlâ€¦
Wed Dec 27 20:28:13 +0000 2017,@ShortyMacShort_ Girl SPILL DA TEA
Wed Dec 27 20:28:14 +0000 2017,RT @sugalolo93: @netizenbuzz This TEA https://t.co/mbl79g04Hd
Wed Dec 27 20:28:14 +0000 2017,"Just having a delicious cup of tea and a turkey and ham sandwich with stuffing and coleslaw, a slice of banana breaâ€¦ https://t.co/80Szl4vtTE"
Wed Dec 27 20:28:15 +0000 2017,RT @HorrellValerie: @sammiefeasting @b8eak @cumbriaoldrural @LadyTeapots @Rations2R_n_R @WeirsSusan @janet_cutts @deedeesadler @sulaAlice @â€¦
Wed Dec 27 20:28:16 +0000 2017,RT @KardashianHumor: How I approach my friends when they don't spill the tea: https://t.co/2POMIivVq0
Wed Dec 27 20:28:17 +0000 2017,tea https://t.co/aqe6QczZRC
Wed Dec 27 20:28:18 +0000 2017,RT @BTSARMYNA: I woke up late but will stay here longer than anybody else for Tea. First Tea is that Tae owned Tae and invented letter T-E-â€¦
Wed Dec 27 20:28:18 +0000 2017,RT @lwtyleshome: This tea... https://t.co/MUFrXSaRyy
Wed Dec 27 20:28:19 +0000 2017,When your bedside table is now an apothecary. Considering bringing the Keurig upstairs for endless amounts of tea ğŸ¤§ğŸ¤”
